-- MySQL dump 10.13  Distrib 8.0.21, for macos10.15 (x86_64)
--
-- Host: localhost    Database: Oximetro
-- ------------------------------------------------------
-- Server version	8.0.21

/*!40101 SET @OLD_CHARACTER_SET_CLIENT=@@CHARACTER_SET_CLIENT */;
/*!40101 SET @OLD_CHARACTER_SET_RESULTS=@@CHARACTER_SET_RESULTS */;
/*!40101 SET @OLD_COLLATION_CONNECTION=@@COLLATION_CONNECTION */;
/*!50503 SET NAMES utf8mb4 */;
/*!40103 SET @OLD_TIME_ZONE=@@TIME_ZONE */;
/*!40103 SET TIME_ZONE='+00:00' */;
/*!40014 SET @OLD_UNIQUE_CHECKS=@@UNIQUE_CHECKS, UNIQUE_CHECKS=0 */;
/*!40014 SET @OLD_FOREIGN_KEY_CHECKS=@@FOREIGN_KEY_CHECKS, FOREIGN_KEY_CHECKS=0 */;
/*!40101 SET @OLD_SQL_MODE=@@SQL_MODE, SQL_MODE='NO_AUTO_VALUE_ON_ZERO' */;
/*!40111 SET @OLD_SQL_NOTES=@@SQL_NOTES, SQL_NOTES=0 */;

--
-- Table structure for table `Alumno`
--

DROP TABLE IF EXISTS `Alumno`;
/*!40101 SET @saved_cs_client     = @@character_set_client */;
/*!50503 SET character_set_client = utf8mb4 */;
CREATE TABLE `Alumno` (
  `Matricula` varchar(9) NOT NULL,
  `Historial_pruebas` int DEFAULT NULL,
  `Prueba_Covid_pendiente` tinyint(1) DEFAULT NULL,
  PRIMARY KEY (`Matricula`)
) ENGINE=InnoDB DEFAULT CHARSET=utf8mb4 COLLATE=utf8mb4_0900_ai_ci;
/*!40101 SET character_set_client = @saved_cs_client */;

--
-- Dumping data for table `Alumno`
--

LOCK TABLES `Alumno` WRITE;
/*!40000 ALTER TABLE `Alumno` DISABLE KEYS */;
INSERT INTO `Alumno` VALUES ('2183426',NULL,NULL),('6712789',NULL,NULL),('720687',NULL,NULL),('8851772',NULL,NULL),('9718356',NULL,NULL),('A10551',NULL,NULL),('A1489908',NULL,NULL),('A1945135',NULL,NULL),('A2132212',NULL,NULL),('A2270880',NULL,NULL),('A278107',NULL,NULL),('A3120275',NULL,NULL),('A3181330',NULL,NULL),('A3516131',NULL,NULL),('A4568753',NULL,NULL),('A4736902',NULL,NULL),('A4840892',NULL,NULL),('A508462',NULL,NULL),('A5191499',NULL,NULL),('A6362011',NULL,NULL),('A7324455',NULL,NULL),('A8675331',NULL,NULL),('A9048193',NULL,NULL),('A9403908',NULL,NULL),('A9510402',NULL,NULL),('A9879143',NULL,NULL);
/*!40000 ALTER TABLE `Alumno` ENABLE KEYS */;
UNLOCK TABLES;

--
-- Table structure for table `Historial_cardiaco`
--

DROP TABLE IF EXISTS `Historial_cardiaco`;
/*!40101 SET @saved_cs_client     = @@character_set_client */;
/*!50503 SET character_set_client = utf8mb4 */;
CREATE TABLE `Historial_cardiaco` (
  `Ritmo_cardiaco` float DEFAULT NULL,
  `Matricula` varchar(9) NOT NULL,
  `Fecha` varchar(10) DEFAULT NULL,
  KEY `FK_Matricula_idx` (`Matricula`),
  CONSTRAINT `FK_Matricula` FOREIGN KEY (`Matricula`) REFERENCES `Alumno` (`Matricula`)
) ENGINE=InnoDB DEFAULT CHARSET=utf8mb4 COLLATE=utf8mb4_0900_ai_ci;
/*!40101 SET character_set_client = @saved_cs_client */;

--
-- Dumping data for table `Historial_cardiaco`
--

LOCK TABLES `Historial_cardiaco` WRITE;
/*!40000 ALTER TABLE `Historial_cardiaco` DISABLE KEYS */;
INSERT INTO `Historial_cardiaco` VALUES (146,'A2132212','8-11-2020'),(94,'A4840892','13-11-2020'),(70,'A2270880','14-11-2020'),(125,'A2270880','16-11-2020'),(236,'A2270880','23-11-2020'),(96,'A2270880','25-11-2020'),(229,'A2270880','19-11-2020'),(177,'A2270880','5-11-2020'),(92,'A2270880','24-11-2020'),(98,'A2270880','28-11-2020'),(192,'A2270880','10-11-2020'),(80,'A2270880','27-11-2020'),(166,'A2270880','11-11-2020'),(195,'A2270880','4-11-2020'),(221,'A2270880','4-11-2020'),(153,'A2270880','15-11-2020'),(222,'A2270880','9-11-2020'),(112,'A2270880','8-11-2020'),(159,'A2270880','4-11-2020'),(156,'A2270880','1-11-2020'),(112,'A2270880','23-11-2020'),(69,'A2270880','20-11-2020'),(65,'A2270880','5-11-2020'),(150,'A2270880','27-11-2020'),(125,'A2270880','15-11-2020'),(71,'A2270880','13-11-2020'),(184,'A2270880','10-11-2020'),(142,'A2270880','12-11-2020'),(134,'A2270880','12-11-2020'),(94,'A2270880','26-11-2020'),(101,'A2270880','2-11-2020'),(141,'A2270880','12-11-2020'),(177,'A2270880','5-11-2020'),(173,'A2270880','16-11-2020'),(201,'A2270880','29-11-2020'),(219,'A2270880','16-11-2020'),(153,'A2270880','25-11-2020'),(110,'A2270880','29-11-2020'),(65,'A2270880','28-11-2020'),(164,'A2270880','27-11-2020'),(75,'A2270880','1-11-2020'),(130,'A2270880','2-11-2020'),(227,'A2270880','10-11-2020'),(153,'A2270880','6-11-2020'),(142,'A2270880','19-11-2020'),(92,'A2270880','4-11-2020'),(132,'A2270880','19-11-2020'),(98,'A2270880','1-11-2020'),(174,'A2270880','8-11-2020'),(189,'A2270880','27-11-2020'),(154,'A2270880','3-11-2020'),(240,'A2270880','5-11-2020'),(70,'A2270880','9-11-2020'),(234,'A2270880','3-11-2020'),(131,'A2270880','18-11-2020'),(106,'A2270880','1-11-2020'),(238,'A2270880','1-11-2020'),(100,'A2270880','3-11-2020'),(163,'A2270880','27-11-2020'),(233,'A2270880','27-11-2020'),(143,'A2270880','12-11-2020'),(84,'A2270880','2-11-2020'),(82,'A2270880','28-11-2020'),(172,'A2270880','16-11-2020'),(240,'A2270880','30-11-2020'),(152,'A2270880','30-11-2020'),(190,'A2270880','5-11-2020'),(169,'A2270880','20-11-2020'),(104,'A2270880','9-11-2020'),(167,'A2270880','9-11-2020'),(218,'A2270880','22-11-2020'),(203,'A2270880','27-11-2020'),(200,'A2270880','2-11-2020'),(111,'A2270880','28-11-2020'),(89,'A2270880','26-11-2020'),(107,'A2270880','11-11-2020'),(131,'A2270880','21-11-2020'),(147,'A2270880','6-11-2020'),(151,'A2270880','13-11-2020'),(149,'A2270880','27-11-2020'),(193,'A2270880','1-11-2020'),(216,'A2270880','8-11-2020'),(81,'A2270880','26-11-2020'),(105,'A2270880','6-11-2020'),(161,'A2270880','24-11-2020'),(121,'A2270880','1-11-2020'),(214,'A2270880','20-11-2020'),(238,'A2270880','19-11-2020'),(222,'A2270880','16-11-2020'),(225,'A2270880','6-11-2020'),(150,'A2270880','26-11-2020'),(219,'A2270880','22-11-2020'),(156,'A2270880','23-11-2020'),(114,'A2270880','30-11-2020'),(173,'A2270880','26-11-2020'),(167,'A2270880','30-11-2020'),(213,'A2270880','27-11-2020'),(136,'A2270880','27-11-2020'),(170,'A2270880','8-11-2020'),(189,'A2270880','15-11-2020'),(63,'A2270880','1-11-2020'),(90,'A2270880','17-11-2020'),(82,'A2270880','6-11-2020'),(142,'A2270880','9-11-2020'),(73,'A2270880','2-11-2020'),(178,'A2270880','24-11-2020'),(70,'A2270880','29-11-2020'),(198,'A2270880','22-11-2020'),(170,'A2270880','15-11-2020'),(131,'A2270880','17-11-2020'),(112,'A2270880','11-11-2020'),(131,'A2270880','5-11-2020'),(109,'A2270880','11-11-2020'),(151,'A2270880','25-11-2020'),(164,'A2270880','19-11-2020'),(235,'A2270880','17-11-2020'),(197,'A2270880','16-11-2020'),(116,'A2270880','10-11-2020'),(110,'A2270880','26-11-2020'),(184,'A2270880','21-11-2020'),(228,'A2270880','9-11-2020'),(141,'A2270880','30-11-2020'),(180,'A2270880','8-11-2020'),(136,'A2270880','9-11-2020'),(143,'A2270880','20-11-2020'),(81,'A2270880','12-11-2020'),(72,'A2270880','28-11-2020'),(68,'A2270880','13-11-2020'),(147,'A2270880','23-11-2020'),(164,'A2270880','30-11-2020'),(200,'A2270880','15-11-2020'),(137,'A2270880','10-11-2020'),(131,'A2270880','14-11-2020'),(145,'A2270880','19-11-2020'),(120,'A2270880','27-11-2020'),(161,'A2270880','7-11-2020'),(145,'A2270880','7-11-2020'),(71,'A2270880','26-11-2020'),(140,'A2270880','5-11-2020'),(170,'A2270880','25-11-2020'),(202,'A2270880','20-11-2020'),(71,'A2270880','22-11-2020'),(87,'A2270880','10-11-2020'),(83,'A2270880','24-11-2020'),(119,'A2270880','4-11-2020'),(216,'A2270880','2-11-2020'),(101,'A2270880','9-11-2020'),(121,'A2270880','5-11-2020'),(67,'A2270880','30-11-2020'),(194,'A2270880','8-11-2020'),(174,'A2270880','1-11-2020'),(120,'A2270880','8-11-2020'),(104,'A2270880','18-11-2020'),(71,'A2270880','25-11-2020'),(190,'A2270880','1-11-2020'),(105,'A2270880','13-11-2020'),(111,'A2270880','27-11-2020'),(220,'A2270880','22-11-2020'),(147,'A2270880','19-11-2020'),(114,'A2270880','16-11-2020'),(174,'A2270880','21-11-2020'),(177,'A2270880','7-11-2020'),(201,'A2270880','20-11-2020'),(118,'A2270880','21-11-2020'),(114,'A2270880','29-11-2020'),(63,'A2270880','12-11-2020'),(204,'A2270880','22-11-2020'),(108,'A2270880','25-11-2020'),(158,'A2270880','7-11-2020'),(85,'A2270880','23-11-2020'),(130,'A2270880','3-11-2020'),(195,'A2270880','4-11-2020'),(158,'A2270880','13-11-2020'),(107,'A2270880','8-11-2020'),(129,'A2270880','27-11-2020'),(111,'A2270880','21-11-2020'),(110,'A2270880','19-11-2020'),(90,'A2270880','20-11-2020'),(200,'A2270880','22-11-2020'),(103,'A2270880','4-11-2020'),(203,'A2270880','26-11-2020'),(154,'A2270880','19-11-2020'),(140,'A2270880','7-11-2020'),(167,'A2270880','27-11-2020'),(141,'A2270880','4-11-2020'),(109,'A2270880','6-11-2020'),(88,'A2270880','7-11-2020'),(184,'A2270880','21-11-2020'),(203,'A2270880','15-11-2020'),(197,'A2270880','27-11-2020'),(60,'A2270880','22-11-2020'),(201,'A2270880','1-11-2020'),(118,'A2270880','23-11-2020'),(238,'A2270880','10-11-2020'),(230,'A2270880','13-11-2020'),(88,'A2270880','19-11-2020'),(174,'A2270880','3-11-2020'),(69,'A2270880','17-11-2020'),(230,'A2270880','14-11-2020'),(73,'A2270880','4-11-2020'),(120,'A2270880','19-11-2020'),(229,'A2270880','17-11-2020'),(165,'A2270880','26-11-2020'),(95,'A2270880','5-11-2020'),(175,'A2270880','27-11-2020'),(87,'A2270880','22-11-2020'),(151,'A2270880','17-11-2020'),(75,'A2270880','17-11-2020'),(102,'A2270880','1-11-2020'),(134,'A2270880','30-11-2020'),(137,'A2270880','18-11-2020'),(119,'A2270880','24-11-2020'),(216,'A2270880','23-11-2020'),(171,'A2270880','20-11-2020'),(152,'A2270880','2-11-2020'),(239,'A2270880','6-11-2020'),(103,'A2270880','8-11-2020'),(207,'A2270880','23-11-2020'),(101,'A2270880','11-11-2020'),(219,'A2270880','2-11-2020'),(196,'A2270880','18-11-2020'),(184,'A2270880','4-11-2020'),(72,'A2270880','7-11-2020'),(182,'A2270880','8-11-2020'),(176,'A2270880','4-11-2020'),(80,'A2270880','9-11-2020'),(72,'A2270880','16-11-2020'),(122,'A2270880','2-11-2020'),(95,'A2270880','7-11-2020'),(74,'A2270880','11-11-2020'),(169,'A2270880','10-11-2020'),(147,'A2270880','9-11-2020'),(144,'A2270880','3-11-2020'),(144,'A2270880','29-11-2020'),(100,'A2270880','5-11-2020'),(85,'A2270880','13-11-2020'),(184,'A2270880','30-11-2020'),(223,'A2270880','28-11-2020'),(117,'A2270880','13-11-2020'),(99,'A2270880','24-11-2020'),(126,'A2270880','13-11-2020'),(91,'A2270880','19-11-2020'),(145,'A2270880','13-11-2020'),(171,'A2270880','20-11-2020'),(64,'A2270880','30-11-2020'),(219,'A2270880','20-11-2020'),(157,'A2270880','16-11-2020'),(64,'A2270880','12-11-2020'),(81,'A2270880','16-11-2020'),(173,'A2270880','21-11-2020'),(80,'A2270880','10-11-2020'),(66,'A2270880','21-11-2020'),(68,'A2270880','14-11-2020'),(199,'A2270880','23-11-2020'),(208,'A2270880','7-11-2020'),(83,'A2270880','28-11-2020'),(233,'A2270880','5-11-2020'),(239,'A2270880','30-11-2020'),(171,'A2270880','1-11-2020'),(121,'A2270880','6-11-2020'),(151,'A2270880','16-11-2020'),(203,'A2270880','23-11-2020'),(227,'A2270880','28-11-2020'),(201,'A2270880','24-11-2020'),(238,'A2270880','13-11-2020'),(134,'A2270880','29-11-2020'),(178,'A2270880','22-11-2020'),(79,'A2270880','16-11-2020'),(152,'A2270880','25-11-2020'),(124,'A2270880','14-11-2020'),(150,'A2270880','22-11-2020'),(141,'A2270880','11-11-2020'),(150,'A2270880','24-11-2020'),(203,'A2270880','17-11-2020'),(233,'A2270880','15-11-2020'),(114,'A2270880','25-11-2020'),(108,'A2270880','30-11-2020'),(71,'A2270880','12-11-2020'),(183,'A2270880','8-11-2020'),(123,'A2270880','12-11-2020'),(188,'A2270880','28-11-2020'),(168,'A2270880','17-11-2020'),(179,'A2270880','11-11-2020'),(133,'A2270880','14-11-2020'),(199,'A2270880','19-11-2020'),(90,'A2270880','27-11-2020'),(78,'A2270880','23-11-2020'),(63,'A2270880','2-11-2020'),(218,'A2270880','7-11-2020'),(135,'A2270880','3-11-2020'),(135,'A2270880','28-11-2020'),(172,'A2270880','6-11-2020'),(211,'A2270880','14-11-2020'),(153,'A2270880','1-11-2020'),(191,'A2270880','6-11-2020'),(234,'A2270880','28-11-2020'),(109,'A2270880','25-11-2020'),(197,'A2270880','27-11-2020'),(236,'A2270880','15-11-2020'),(125,'A2270880','3-11-2020'),(143,'A2270880','23-11-2020'),(144,'A2270880','17-11-2020'),(195,'A2270880','26-11-2020'),(198,'A2270880','17-11-2020'),(89,'A2270880','4-11-2020'),(162,'A2270880','10-11-2020'),(163,'A2270880','8-11-2020'),(204,'A2270880','20-11-2020'),(136,'A2270880','2-11-2020'),(129,'A2270880','11-11-2020'),(115,'A2270880','27-11-2020'),(212,'A2270880','26-11-2020'),(105,'A2270880','5-11-2020'),(104,'A2270880','13-11-2020'),(172,'A2270880','27-11-2020'),(137,'A2270880','11-11-2020'),(177,'A2270880','15-11-2020'),(229,'A2270880','12-11-2020'),(135,'A2270880','21-11-2020'),(65,'A2270880','30-11-2020'),(101,'A2270880','24-11-2020'),(168,'A2270880','19-11-2020'),(91,'A2270880','24-11-2020'),(217,'A2270880','15-11-2020'),(99,'A2270880','1-11-2020'),(104,'A2270880','21-11-2020'),(152,'A2270880','15-11-2020'),(131,'A2270880','26-11-2020'),(112,'A2270880','3-11-2020'),(181,'A2270880','1-11-2020'),(87,'A2270880','19-11-2020'),(61,'A2270880','27-11-2020'),(236,'A2270880','7-11-2020'),(122,'A2270880','1-11-2020'),(216,'A2270880','26-11-2020'),(122,'A2270880','16-11-2020'),(142,'A2270880','12-11-2020'),(111,'A2270880','21-11-2020'),(167,'A2270880','30-11-2020'),(100,'A2270880','19-11-2020'),(240,'A2270880','8-11-2020'),(232,'A2270880','27-11-2020'),(199,'A2270880','17-11-2020'),(109,'A2270880','14-11-2020'),(71,'A2270880','9-11-2020'),(126,'A2270880','29-11-2020'),(184,'A2270880','25-11-2020'),(87,'A2270880','12-11-2020'),(88,'A2270880','7-11-2020'),(83,'A2270880','4-11-2020'),(166,'A2270880','18-11-2020'),(162,'A2270880','13-11-2020'),(61,'A2270880','26-11-2020'),(68,'A2270880','10-11-2020'),(130,'A2270880','12-11-2020'),(120,'A2270880','1-11-2020'),(158,'A2270880','11-11-2020'),(60,'A2270880','12-11-2020'),(229,'A2270880','23-11-2020'),(98,'A2270880','29-11-2020'),(143,'A2270880','25-11-2020'),(235,'A2270880','8-11-2020'),(130,'A2270880','29-11-2020'),(216,'A2270880','23-11-2020'),(125,'A2270880','8-11-2020'),(76,'A2270880','25-11-2020'),(100,'A2270880','3-11-2020'),(78,'A2270880','6-11-2020'),(198,'A2270880','25-11-2020'),(86,'A2270880','12-11-2020'),(144,'A2270880','25-11-2020'),(240,'A2270880','1-11-2020'),(141,'A2270880','22-11-2020'),(213,'A2270880','27-11-2020'),(131,'A2270880','8-11-2020'),(107,'A2270880','11-11-2020'),(62,'A2270880','16-11-2020'),(103,'A2270880','15-11-2020'),(192,'A2270880','19-11-2020'),(104,'A2270880','13-11-2020'),(83,'A2270880','28-11-2020'),(196,'A2270880','12-11-2020'),(210,'A2270880','6-11-2020'),(143,'A2270880','30-11-2020'),(165,'A2270880','24-11-2020'),(219,'A2270880','9-11-2020'),(152,'A2270880','15-11-2020'),(144,'A2270880','15-11-2020'),(107,'A2270880','5-11-2020'),(194,'A2270880','30-11-2020'),(237,'A2270880','15-11-2020'),(196,'A2270880','19-11-2020'),(228,'A2270880','14-11-2020'),(201,'A2270880','12-11-2020'),(104,'A2270880','25-11-2020'),(161,'A2270880','5-11-2020'),(95,'A2270880','2-11-2020'),(109,'A2270880','22-11-2020'),(185,'A2270880','17-11-2020'),(111,'A2270880','18-11-2020'),(225,'A2270880','23-11-2020'),(184,'A2270880','20-11-2020'),(101,'A2270880','30-11-2020'),(100,'A2270880','30-11-2020'),(235,'A2270880','29-11-2020'),(178,'A2270880','14-11-2020'),(153,'A2270880','2-11-2020'),(112,'A2270880','15-11-2020'),(89,'A2270880','3-11-2020'),(125,'A2270880','6-11-2020'),(163,'A2270880','11-11-2020'),(125,'A2270880','1-11-2020'),(127,'A2270880','4-11-2020'),(201,'A2270880','27-11-2020'),(121,'A2270880','21-11-2020'),(71,'A2270880','7-11-2020'),(70,'A2270880','7-11-2020'),(80,'A2270880','19-11-2020'),(82,'A2270880','22-11-2020'),(232,'A2270880','20-11-2020'),(125,'A2270880','17-11-2020'),(181,'A2270880','20-11-2020'),(150,'A2270880','12-11-2020'),(200,'A2270880','12-11-2020'),(97,'A2270880','14-11-2020'),(163,'A2270880','23-11-2020'),(185,'A2270880','30-11-2020'),(98,'A2270880','19-11-2020'),(151,'A2270880','26-11-2020'),(99,'A2270880','10-11-2020'),(218,'A2270880','11-11-2020'),(150,'A2270880','22-11-2020'),(125,'A2270880','24-11-2020'),(70,'A2270880','9-11-2020'),(179,'A2270880','24-11-2020'),(148,'A2270880','21-11-2020'),(79,'A2270880','21-11-2020'),(224,'A2270880','5-11-2020'),(68,'A2270880','12-11-2020'),(170,'A2270880','11-11-2020'),(98,'A2270880','16-11-2020'),(202,'A2270880','26-11-2020'),(108,'A2270880','9-11-2020'),(155,'A2270880','12-11-2020'),(87,'A2270880','28-11-2020'),(96,'A2270880','14-11-2020'),(126,'A2270880','11-11-2020'),(152,'A2270880','1-11-2020'),(141,'A2270880','21-11-2020'),(151,'A2270880','1-11-2020'),(113,'A2270880','11-11-2020'),(67,'A2270880','22-11-2020'),(128,'A2270880','23-11-2020'),(223,'A2270880','30-11-2020'),(75,'A2270880','20-11-2020'),(109,'A2270880','22-11-2020'),(150,'A2270880','21-11-2020'),(194,'A2270880','25-11-2020'),(86,'A2270880','15-11-2020'),(167,'A2270880','26-11-2020'),(69,'A2270880','19-11-2020'),(209,'A2270880','13-11-2020'),(207,'A2270880','22-11-2020'),(128,'A2270880','16-11-2020'),(193,'A2270880','4-11-2020'),(163,'A2270880','22-11-2020'),(82,'A2270880','20-11-2020'),(201,'A2270880','2-11-2020'),(168,'A2270880','2-11-2020'),(240,'A2270880','25-11-2020'),(99,'A2270880','28-11-2020'),(153,'A2270880','2-11-2020'),(127,'A2270880','14-11-2020'),(211,'A2270880','15-11-2020'),(164,'A2270880','11-11-2020'),(142,'A2270880','9-11-2020'),(188,'A2270880','29-11-2020'),(172,'A2270880','6-11-2020'),(199,'A2270880','12-11-2020'),(193,'A2270880','26-11-2020'),(119,'A2270880','30-11-2020'),(198,'A2270880','30-11-2020'),(232,'A2270880','14-11-2020'),(78,'A2270880','20-11-2020'),(184,'A2270880','8-11-2020'),(81,'A2270880','10-11-2020'),(97,'A2270880','8-11-2020'),(73,'A2270880','22-11-2020'),(69,'A2270880','4-11-2020'),(234,'A2270880','18-11-2020'),(146,'A2270880','11-11-2020'),(148,'A2270880','19-11-2020'),(205,'A2270880','18-11-2020'),(66,'A2270880','21-11-2020'),(79,'A2270880','6-11-2020'),(129,'A2270880','6-11-2020'),(101,'A2270880','25-11-2020'),(188,'A2270880','17-11-2020'),(230,'A2270880','28-11-2020'),(238,'A2270880','26-11-2020'),(212,'A2270880','6-11-2020'),(117,'A2270880','25-11-2020'),(94,'A2270880','14-11-2020'),(147,'A2270880','15-11-2020'),(133,'A2270880','8-11-2020'),(219,'A2270880','26-11-2020'),(163,'A2270880','10-11-2020'),(89,'A2270880','15-11-2020'),(169,'A2270880','10-11-2020'),(223,'A2270880','21-11-2020'),(237,'A2270880','5-11-2020'),(112,'A2270880','17-11-2020'),(163,'A2270880','28-11-2020'),(232,'A2270880','12-11-2020'),(151,'A2270880','13-11-2020'),(95,'A2270880','3-11-2020'),(85,'A2270880','26-11-2020'),(162,'A2270880','30-11-2020'),(173,'A2270880','10-11-2020'),(160,'A2270880','30-11-2020'),(99,'A2270880','28-11-2020'),(173,'A2270880','17-11-2020'),(105,'A2270880','27-11-2020'),(157,'A2270880','29-11-2020'),(147,'A2270880','7-11-2020'),(220,'A2270880','3-11-2020'),(77,'A2270880','16-11-2020'),(107,'A2270880','12-11-2020'),(61,'A2270880','22-11-2020'),(102,'A2270880','18-11-2020'),(126,'A2270880','29-11-2020'),(218,'A2270880','19-11-2020'),(118,'A2270880','26-11-2020'),(195,'A2270880','19-11-2020'),(222,'A2270880','6-11-2020'),(121,'A2270880','1-11-2020'),(132,'A2270880','17-11-2020'),(108,'A2270880','22-11-2020'),(183,'A2270880','5-11-2020'),(70,'A2270880','6-11-2020'),(121,'A2270880','2-11-2020'),(157,'A2270880','6-11-2020'),(224,'A2270880','25-11-2020'),(76,'A2270880','1-11-2020'),(126,'A2270880','17-11-2020'),(166,'A2270880','5-11-2020'),(168,'A2270880','27-11-2020'),(148,'A2270880','10-11-2020'),(134,'A2270880','5-11-2020'),(91,'A2270880','14-11-2020'),(140,'A2270880','10-11-2020'),(217,'A2270880','17-11-2020'),(174,'A2270880','17-11-2020'),(188,'A2270880','14-11-2020'),(128,'A2270880','6-11-2020'),(227,'A2270880','12-11-2020'),(202,'A2270880','28-11-2020'),(82,'A2270880','14-11-2020'),(177,'A2270880','2-11-2020'),(158,'A2270880','19-11-2020'),(110,'A2270880','30-11-2020'),(97,'A2270880','7-11-2020'),(224,'A2270880','9-11-2020'),(202,'A2270880','20-11-2020'),(207,'A2270880','17-11-2020'),(63,'A2270880','17-11-2020'),(203,'A2270880','1-11-2020'),(138,'A2270880','2-11-2020'),(139,'A2270880','16-11-2020'),(120,'A2270880','3-11-2020'),(151,'A2270880','14-11-2020'),(170,'A2270880','26-11-2020'),(142,'A2270880','1-11-2020'),(189,'A2270880','15-11-2020'),(148,'A2270880','28-11-2020'),(162,'A2270880','9-11-2020'),(99,'A2270880','25-11-2020'),(105,'A2270880','23-11-2020'),(217,'A2270880','10-11-2020'),(172,'A2270880','18-11-2020'),(238,'A2270880','4-11-2020'),(116,'A2270880','19-11-2020'),(60,'A2270880','29-11-2020'),(104,'A2270880','4-11-2020'),(126,'A2270880','20-11-2020'),(206,'A2270880','12-11-2020'),(129,'A2270880','22-11-2020'),(239,'A2270880','29-11-2020'),(175,'A2270880','15-11-2020'),(195,'A2270880','27-11-2020'),(161,'A2270880','2-11-2020'),(216,'A2270880','6-11-2020'),(167,'A2270880','7-11-2020'),(240,'A2270880','15-11-2020'),(66,'A2270880','26-11-2020'),(199,'A2270880','12-11-2020'),(178,'A2270880','18-11-2020'),(190,'A2270880','30-11-2020'),(98,'A2270880','1-11-2020'),(190,'A2270880','11-11-2020'),(153,'A2270880','29-11-2020'),(167,'A2270880','6-11-2020'),(139,'A2270880','7-11-2020'),(152,'A2270880','25-11-2020'),(181,'A2270880','24-11-2020'),(107,'A2270880','1-11-2020'),(155,'A2270880','8-11-2020'),(237,'A2270880','8-11-2020'),(148,'A2270880','7-11-2020'),(68,'A2270880','17-11-2020'),(146,'A2270880','7-11-2020'),(231,'A2270880','30-11-2020'),(201,'A2270880','27-11-2020'),(131,'A2270880','23-11-2020'),(195,'A2270880','22-11-2020'),(174,'A2270880','11-11-2020'),(176,'A2270880','15-11-2020'),(170,'A2270880','16-11-2020'),(103,'A2270880','26-11-2020'),(191,'A2270880','20-11-2020'),(72,'A2270880','30-11-2020'),(165,'A2270880','27-11-2020'),(71,'A2270880','29-11-2020'),(76,'A2270880','12-11-2020'),(63,'A2270880','30-11-2020'),(172,'A2270880','21-11-2020'),(133,'A2270880','24-11-2020'),(221,'A2270880','23-11-2020'),(136,'A2270880','26-11-2020'),(89,'A2270880','12-11-2020'),(227,'A2270880','15-11-2020'),(121,'A2270880','21-11-2020'),(129,'A2270880','19-11-2020'),(214,'A2270880','24-11-2020'),(127,'A2270880','29-11-2020'),(200,'A2270880','29-11-2020'),(72,'A2270880','10-11-2020'),(152,'A2270880','24-11-2020'),(222,'A2270880','28-11-2020'),(134,'A2270880','9-11-2020'),(228,'A2270880','7-11-2020'),(61,'A2270880','27-11-2020'),(168,'A2270880','19-11-2020'),(145,'A2270880','15-11-2020'),(233,'A2270880','19-11-2020'),(181,'A2270880','26-11-2020'),(81,'A2270880','21-11-2020'),(83,'A2270880','30-11-2020'),(223,'A2270880','17-11-2020'),(77,'A2270880','18-11-2020'),(145,'A2270880','30-11-2020'),(199,'A2270880','18-11-2020'),(63,'A2270880','22-11-2020'),(104,'A2270880','10-11-2020'),(157,'A2270880','25-11-2020'),(148,'A2270880','19-11-2020'),(112,'A2270880','19-11-2020'),(235,'A2270880','9-11-2020'),(228,'A2270880','29-11-2020'),(179,'A2270880','3-11-2020'),(144,'A2270880','1-11-2020'),(218,'A2270880','19-11-2020'),(194,'A2270880','18-11-2020'),(219,'A2270880','30-11-2020'),(146,'A2270880','28-11-2020'),(240,'A2270880','22-11-2020'),(60,'A2270880','27-11-2020'),(219,'A2270880','30-11-2020'),(234,'A2270880','11-11-2020'),(117,'A2270880','19-11-2020'),(68,'A2270880','18-11-2020'),(210,'A2270880','4-11-2020'),(181,'A2270880','25-11-2020'),(184,'A2270880','6-11-2020'),(100,'A2270880','13-11-2020'),(141,'A2270880','20-11-2020'),(238,'A2270880','9-11-2020'),(137,'A2270880','7-11-2020'),(100,'A2270880','5-11-2020'),(106,'A2270880','1-11-2020'),(223,'A2270880','27-11-2020'),(221,'A2270880','11-11-2020'),(134,'A2270880','10-11-2020'),(165,'A2270880','2-11-2020'),(133,'A2270880','4-11-2020'),(171,'A2270880','12-11-2020'),(226,'A2270880','12-11-2020'),(113,'A2270880','11-11-2020'),(173,'A2270880','7-11-2020'),(184,'A2270880','1-11-2020'),(240,'A2270880','7-11-2020'),(133,'A2270880','17-11-2020'),(235,'A2270880','27-11-2020'),(198,'A2270880','12-11-2020'),(70,'A2270880','8-11-2020'),(97,'A2270880','18-11-2020'),(235,'A2270880','17-11-2020'),(133,'A2270880','9-11-2020'),(181,'A2270880','8-11-2020'),(178,'A2270880','12-11-2020'),(191,'A2270880','29-11-2020'),(81,'A2270880','10-11-2020'),(222,'A2270880','14-11-2020'),(228,'A2270880','17-11-2020'),(193,'A2270880','2-11-2020'),(75,'A2270880','28-11-2020'),(121,'A2270880','10-11-2020'),(197,'A2270880','7-11-2020'),(118,'A2270880','1-11-2020'),(177,'A2270880','23-11-2020'),(118,'A2270880','18-11-2020'),(223,'A2270880','3-11-2020'),(223,'A2270880','15-11-2020'),(139,'A2270880','9-11-2020'),(135,'A2270880','3-11-2020'),(215,'A2270880','23-11-2020'),(199,'A2270880','23-11-2020'),(134,'A2270880','4-11-2020'),(88,'A2270880','11-11-2020'),(162,'A2270880','8-11-2020'),(155,'A2270880','17-11-2020'),(85,'A2270880','10-11-2020'),(83,'A2270880','14-11-2020'),(142,'A2270880','21-11-2020'),(102,'A2270880','2-11-2020'),(209,'A2270880','13-11-2020'),(88,'A2270880','22-11-2020'),(191,'A2270880','17-11-2020'),(153,'A2270880','29-11-2020'),(140,'A2270880','20-11-2020'),(239,'A2270880','16-11-2020'),(160,'A2270880','20-11-2020'),(73,'A2270880','21-11-2020'),(62,'A2270880','25-11-2020'),(121,'A2270880','13-11-2020'),(189,'A2270880','26-11-2020'),(132,'A2270880','17-11-2020'),(169,'A2270880','10-11-2020'),(72,'A2270880','3-11-2020'),(137,'A2270880','21-11-2020'),(176,'A2270880','1-11-2020'),(237,'A2270880','22-11-2020'),(217,'A2270880','11-11-2020'),(133,'A2270880','14-11-2020'),(175,'A2270880','14-11-2020'),(154,'A2270880','20-11-2020'),(138,'A2270880','14-11-2020'),(212,'A2270880','22-11-2020'),(204,'A2270880','28-11-2020'),(174,'A2270880','27-11-2020'),(171,'A2270880','18-11-2020'),(233,'A2270880','10-11-2020'),(115,'A2270880','6-11-2020'),(186,'A2270880','18-11-2020'),(90,'A2270880','15-11-2020'),(234,'A2270880','26-11-2020'),(186,'A2270880','19-11-2020'),(135,'A2270880','7-11-2020'),(94,'A2270880','1-11-2020'),(192,'A2270880','2-11-2020'),(83,'A2270880','8-11-2020'),(99,'A2270880','15-11-2020'),(233,'A2270880','26-11-2020'),(97,'A2270880','1-11-2020'),(127,'A2270880','29-11-2020'),(116,'A2270880','16-11-2020'),(114,'A2270880','4-11-2020'),(133,'A2270880','14-11-2020'),(157,'A2270880','26-11-2020'),(179,'A2270880','22-11-2020'),(219,'A2270880','7-11-2020'),(231,'A2270880','9-11-2020'),(215,'A2270880','24-11-2020'),(110,'A2270880','15-11-2020'),(202,'A2270880','29-11-2020'),(90,'A2270880','13-11-2020'),(116,'A2270880','14-11-2020'),(80,'A2270880','9-11-2020'),(124,'A2270880','25-11-2020'),(182,'A2270880','6-11-2020'),(240,'A2270880','15-11-2020'),(93,'A2270880','28-11-2020'),(146,'A2270880','22-11-2020'),(169,'A2270880','20-11-2020'),(132,'A2270880','23-11-2020'),(172,'A2270880','28-11-2020'),(161,'A2270880','3-11-2020'),(221,'A2270880','25-11-2020'),(117,'A2270880','26-11-2020'),(222,'A2270880','8-11-2020'),(113,'A2270880','9-11-2020'),(70,'A2270880','28-11-2020'),(119,'A2270880','10-11-2020'),(93,'A2270880','8-11-2020'),(108,'A2270880','5-11-2020'),(169,'A2270880','10-11-2020'),(229,'A2270880','4-11-2020'),(192,'A2270880','6-11-2020'),(215,'A2270880','3-11-2020'),(193,'A2270880','28-11-2020'),(189,'A2270880','1-11-2020'),(178,'A2270880','14-11-2020'),(184,'A2270880','25-11-2020'),(109,'A2270880','28-11-2020'),(156,'A2270880','17-11-2020'),(172,'A2270880','29-11-2020'),(223,'A2270880','4-11-2020'),(137,'A2270880','2-11-2020'),(231,'A2270880','19-11-2020'),(178,'A2270880','8-11-2020'),(82,'A2270880','11-11-2020'),(238,'A2270880','18-11-2020'),(163,'A2270880','4-11-2020'),(205,'A2270880','10-11-2020'),(139,'A2270880','21-11-2020'),(195,'A2270880','12-11-2020'),(134,'A2270880','19-11-2020'),(67,'A2270880','3-11-2020'),(133,'A2270880','26-11-2020'),(123,'A2270880','19-11-2020'),(96,'A2270880','8-11-2020'),(158,'A2270880','26-11-2020'),(223,'A2270880','3-11-2020'),(209,'A2270880','24-11-2020'),(74,'A2270880','6-11-2020'),(115,'A2270880','11-11-2020'),(83,'A2270880','29-11-2020'),(169,'A2270880','15-11-2020'),(183,'A2270880','25-11-2020'),(73,'A2270880','3-11-2020'),(87,'A2270880','13-11-2020'),(157,'A2270880','5-11-2020'),(203,'A2270880','14-11-2020'),(79,'A2270880','12-11-2020'),(137,'A2270880','20-11-2020'),(221,'A2270880','1-11-2020'),(103,'A2270880','22-11-2020'),(178,'A2270880','23-11-2020'),(94,'A2270880','24-11-2020'),(117,'A2270880','6-11-2020'),(163,'A2270880','5-11-2020'),(230,'A2270880','15-11-2020'),(237,'A2270880','5-11-2020'),(202,'A2270880','22-11-2020'),(109,'A2270880','19-11-2020'),(107,'A2270880','17-11-2020'),(179,'A2270880','15-11-2020'),(80,'A2270880','28-11-2020'),(74,'A2270880','6-11-2020'),(133,'A2270880','4-11-2020'),(209,'A2270880','14-11-2020'),(219,'A2270880','5-11-2020'),(198,'A2270880','13-11-2020'),(195,'A2270880','17-11-2020'),(153,'A2270880','6-11-2020'),(159,'A2270880','14-11-2020'),(64,'A2270880','26-11-2020'),(186,'A2270880','24-11-2020'),(135,'A2270880','6-11-2020'),(193,'A2270880','28-11-2020'),(70,'A2270880','27-11-2020'),(76,'A2270880','22-11-2020'),(221,'A2270880','26-11-2020'),(152,'A2270880','16-11-2020'),(209,'A2270880','19-11-2020'),(234,'A2270880','4-11-2020'),(171,'A2270880','20-11-2020'),(61,'A2270880','1-11-2020'),(227,'A2270880','20-11-2020'),(206,'A2270880','25-11-2020'),(145,'A2270880','30-11-2020'),(201,'A2270880','17-11-2020'),(210,'A2270880','29-11-2020'),(149,'A2270880','19-11-2020'),(221,'A2270880','1-11-2020'),(144,'A2270880','28-11-2020'),(230,'A2270880','7-11-2020'),(185,'A2270880','27-11-2020'),(98,'A2270880','24-11-2020'),(95,'A2270880','1-11-2020'),(145,'A2270880','22-11-2020'),(127,'A2270880','11-11-2020'),(72,'A2270880','26-11-2020'),(156,'A2270880','15-11-2020'),(217,'A2270880','2-11-2020'),(217,'A2270880','23-11-2020'),(137,'A2270880','20-11-2020'),(176,'A2270880','28-11-2020'),(206,'A2270880','7-11-2020'),(85,'A2270880','3-11-2020'),(152,'A2270880','26-11-2020'),(132,'A2270880','4-11-2020'),(140,'A2270880','13-11-2020'),(151,'A2270880','23-11-2020'),(92,'A2270880','20-11-2020'),(85,'A2270880','1-11-2020'),(149,'A2270880','27-11-2020'),(198,'A2270880','19-11-2020'),(237,'A2270880','3-11-2020'),(160,'A2270880','26-11-2020'),(164,'A2270880','7-11-2020'),(125,'A2270880','3-11-2020'),(119,'A2270880','3-11-2020'),(95,'A2270880','17-11-2020'),(85,'A2270880','3-11-2020'),(136,'A2270880','29-11-2020'),(100,'A2270880','29-11-2020'),(121,'A2270880','27-11-2020'),(63,'A2270880','27-11-2020'),(174,'A2270880','1-11-2020'),(226,'A2270880','4-11-2020'),(135,'A2270880','18-11-2020'),(156,'A2270880','15-11-2020'),(136,'A2270880','5-11-2020'),(84,'A2270880','13-11-2020'),(77,'A2270880','19-11-2020'),(214,'A2270880','3-11-2020'),(139,'A2270880','25-11-2020'),(159,'A2270880','25-11-2020'),(195,'A2270880','14-11-2020'),(222,'A2270880','17-11-2020'),(173,'A2270880','7-11-2020'),(229,'A2270880','3-11-2020'),(76,'A2270880','29-11-2020'),(164,'A2270880','8-11-2020'),(124,'A2270880','26-11-2020'),(104,'A2270880','7-11-2020'),(175,'A2270880','1-11-2020'),(146,'A2270880','6-11-2020'),(182,'A2270880','11-11-2020'),(67,'A2270880','4-11-2020'),(191,'A2270880','18-11-2020'),(80,'A2270880','7-11-2020'),(151,'A2270880','11-11-2020'),(163,'A2270880','5-11-2020'),(185,'A2270880','30-11-2020'),(72,'A2270880','27-11-2020'),(192,'A2270880','18-11-2020'),(133,'A2270880','13-11-2020'),(111,'A2270880','27-11-2020'),(116,'A2270880','3-11-2020'),(89,'A2270880','23-11-2020'),(193,'A2270880','17-11-2020'),(101,'A2270880','7-11-2020'),(230,'A2270880','30-11-2020'),(99,'A2270880','9-11-2020'),(75,'A2270880','3-11-2020'),(206,'A2270880','26-11-2020'),(65,'A2270880','1-11-2020'),(105,'A2270880','27-11-2020'),(160,'A2270880','24-11-2020'),(222,'A2270880','24-11-2020'),(150,'A2270880','5-11-2020'),(149,'A2270880','14-11-2020'),(70,'A2270880','9-11-2020'),(214,'A2270880','5-11-2020'),(162,'A2270880','1-11-2020'),(80,'A2270880','7-11-2020'),(65,'A2270880','28-11-2020'),(80,'A2270880','26-11-2020'),(127,'A2270880','29-11-2020'),(166,'A2270880','19-11-2020'),(81,'A2270880','18-11-2020'),(116,'A2270880','29-11-2020'),(81,'A2270880','23-11-2020'),(185,'A2270880','1-11-2020'),(133,'A2270880','14-11-2020'),(82,'A2270880','16-11-2020'),(217,'A2270880','30-11-2020'),(97,'A2270880','25-11-2020'),(128,'A2270880','20-11-2020'),(189,'A2270880','20-11-2020'),(116,'A2270880','23-11-2020'),(238,'A2270880','16-11-2020'),(126,'A2270880','8-11-2020'),(128,'A2270880','25-11-2020'),(237,'A2270880','18-11-2020'),(190,'A2270880','27-11-2020'),(158,'A2270880','29-11-2020'),(231,'A2270880','14-11-2020'),(148,'A2270880','10-11-2020'),(231,'A2270880','16-11-2020'),(84,'A2270880','2-11-2020'),(143,'A2270880','20-11-2020'),(68,'A2270880','16-11-2020'),(78,'A2270880','17-11-2020'),(148,'A2270880','20-11-2020'),(149,'A2270880','14-11-2020'),(234,'A2270880','12-11-2020'),(134,'A2270880','18-11-2020'),(185,'A2270880','22-11-2020'),(63,'A2270880','24-11-2020'),(98,'A2270880','26-11-2020'),(163,'A2270880','9-11-2020'),(158,'A2270880','13-11-2020'),(113,'A2270880','23-11-2020'),(62,'A2270880','25-11-2020'),(192,'A2270880','14-11-2020'),(63,'A2270880','12-11-2020'),(130,'A2270880','14-11-2020'),(204,'A2270880','10-11-2020'),(144,'A2270880','25-11-2020');
/*!40000 ALTER TABLE `Historial_cardiaco` ENABLE KEYS */;
UNLOCK TABLES;

--
-- Table structure for table `Historial_oxigeno`
--

DROP TABLE IF EXISTS `Historial_oxigeno`;
/*!40101 SET @saved_cs_client     = @@character_set_client */;
/*!50503 SET character_set_client = utf8mb4 */;
CREATE TABLE `Historial_oxigeno` (
  `Nivel_oxigeno` float DEFAULT NULL,
  `Matricula` varchar(9) DEFAULT NULL,
  `Fecha` varchar(10) DEFAULT NULL,
  KEY `Matricula_idx` (`Matricula`),
  CONSTRAINT `Matricula` FOREIGN KEY (`Matricula`) REFERENCES `Alumno` (`Matricula`)
) ENGINE=InnoDB DEFAULT CHARSET=utf8mb4 COLLATE=utf8mb4_0900_ai_ci;
/*!40101 SET character_set_client = @saved_cs_client */;

--
-- Dumping data for table `Historial_oxigeno`
--

LOCK TABLES `Historial_oxigeno` WRITE;
/*!40000 ALTER TABLE `Historial_oxigeno` DISABLE KEYS */;
INSERT INTO `Historial_oxigeno` VALUES (86,'A2132212','7-09-2020'),(98,'A4840892','23-09-2020'),(84,'A2270880','25-09-2020'),(82,'A2270880','11-09-2020'),(98,'A2270880','28-09-2020'),(83,'A2270880','22-09-2020'),(84,'A2270880','28-09-2020'),(87,'A2270880','10-09-2020'),(81,'A2270880','11-09-2020'),(80,'A2270880','3-09-2020'),(98,'A2270880','1-09-2020'),(89,'A2270880','27-09-2020'),(99,'A2270880','27-09-2020'),(94,'A2270880','12-09-2020'),(80,'A2270880','20-09-2020'),(99,'A2270880','25-09-2020'),(97,'A2270880','13-09-2020'),(92,'A2270880','15-09-2020'),(98,'A2270880','23-09-2020'),(90,'A2270880','2-09-2020'),(80,'A2270880','2-09-2020'),(84,'A2270880','30-09-2020'),(93,'A2270880','1-09-2020'),(89,'A2270880','18-09-2020'),(97,'A2270880','22-09-2020'),(87,'A2270880','20-09-2020'),(89,'A2270880','21-09-2020'),(89,'A2270880','15-09-2020'),(97,'A2270880','20-09-2020'),(90,'A2270880','26-09-2020'),(95,'A2270880','15-09-2020'),(82,'A2270880','13-09-2020'),(95,'A2270880','13-09-2020'),(97,'A2270880','19-09-2020'),(82,'A2270880','22-09-2020'),(94,'A2270880','3-09-2020'),(82,'A2270880','23-09-2020'),(92,'A2270880','28-09-2020'),(91,'A2270880','4-09-2020'),(97,'A2270880','26-09-2020'),(96,'A2270880','4-09-2020'),(95,'A2270880','8-09-2020'),(95,'A2270880','11-09-2020'),(83,'A2270880','19-09-2020'),(83,'A2270880','9-09-2020'),(87,'A2270880','28-09-2020'),(95,'A2270880','3-09-2020'),(99,'A2270880','15-09-2020'),(86,'A2270880','7-09-2020'),(86,'A2270880','2-09-2020'),(89,'A2270880','2-09-2020'),(88,'A2270880','27-09-2020'),(97,'A2270880','5-09-2020'),(82,'A2270880','27-09-2020'),(88,'A2270880','17-09-2020'),(90,'A2270880','12-09-2020'),(94,'A2270880','25-09-2020'),(99,'A2270880','26-09-2020'),(81,'A2270880','1-09-2020'),(80,'A2270880','5-09-2020'),(84,'A2270880','9-09-2020'),(84,'A2270880','6-09-2020'),(90,'A2270880','8-09-2020'),(82,'A2270880','26-09-2020'),(80,'A2270880','9-09-2020'),(95,'A2270880','28-09-2020'),(84,'A2270880','19-09-2020'),(93,'A2270880','12-09-2020'),(87,'A2270880','16-09-2020'),(99,'A2270880','20-09-2020'),(85,'A2270880','22-09-2020'),(99,'A2270880','19-09-2020'),(91,'A2270880','2-09-2020'),(82,'A2270880','29-09-2020'),(96,'A2270880','12-09-2020'),(89,'A2270880','22-09-2020'),(90,'A2270880','15-09-2020'),(97,'A2270880','20-09-2020'),(82,'A2270880','27-09-2020'),(82,'A2270880','23-09-2020'),(91,'A2270880','16-09-2020'),(87,'A2270880','15-09-2020'),(82,'A2270880','29-09-2020'),(86,'A2270880','12-09-2020'),(94,'A2270880','29-09-2020'),(97,'A2270880','17-09-2020'),(84,'A2270880','6-09-2020'),(91,'A2270880','11-09-2020'),(99,'A2270880','11-09-2020'),(85,'A2270880','12-09-2020'),(84,'A2270880','15-09-2020'),(99,'A2270880','20-09-2020'),(99,'A2270880','14-09-2020'),(85,'A2270880','22-09-2020'),(90,'A2270880','16-09-2020'),(91,'A2270880','28-09-2020'),(86,'A2270880','15-09-2020'),(98,'A2270880','28-09-2020'),(99,'A2270880','13-09-2020'),(90,'A2270880','3-09-2020'),(92,'A2270880','11-09-2020'),(95,'A2270880','22-09-2020'),(87,'A2270880','3-09-2020'),(84,'A2270880','29-09-2020'),(94,'A2270880','28-09-2020'),(82,'A2270880','9-09-2020'),(80,'A2270880','2-09-2020'),(94,'A2270880','30-09-2020'),(90,'A2270880','9-09-2020'),(85,'A2270880','30-09-2020'),(90,'A2270880','13-09-2020'),(91,'A2270880','13-09-2020'),(84,'A2270880','5-09-2020'),(82,'A2270880','11-09-2020'),(85,'A2270880','20-09-2020'),(88,'A2270880','9-09-2020'),(83,'A2270880','24-09-2020'),(93,'A2270880','5-09-2020'),(84,'A2270880','25-09-2020'),(99,'A2270880','5-09-2020'),(86,'A2270880','6-09-2020'),(94,'A2270880','23-09-2020'),(86,'A2270880','27-09-2020'),(96,'A2270880','7-09-2020'),(80,'A2270880','13-09-2020'),(90,'A2270880','22-09-2020'),(82,'A2270880','29-09-2020'),(98,'A2270880','6-09-2020'),(94,'A2270880','4-09-2020'),(83,'A2270880','22-09-2020'),(98,'A2270880','26-09-2020'),(92,'A2270880','10-09-2020'),(90,'A2270880','23-09-2020'),(81,'A2270880','17-09-2020'),(91,'A2270880','14-09-2020'),(99,'A2270880','27-09-2020'),(91,'A2270880','6-09-2020'),(83,'A2270880','27-09-2020'),(92,'A2270880','28-09-2020'),(88,'A2270880','30-09-2020'),(90,'A2270880','27-09-2020'),(90,'A2270880','11-09-2020'),(85,'A2270880','11-09-2020'),(94,'A2270880','13-09-2020'),(87,'A2270880','14-09-2020'),(88,'A2270880','25-09-2020'),(92,'A2270880','14-09-2020'),(97,'A2270880','16-09-2020'),(87,'A2270880','28-09-2020'),(96,'A2270880','25-09-2020'),(83,'A2270880','11-09-2020'),(81,'A2270880','9-09-2020'),(84,'A2270880','7-09-2020'),(95,'A2270880','14-09-2020'),(89,'A2270880','30-09-2020'),(90,'A2270880','25-09-2020'),(84,'A2270880','26-09-2020'),(81,'A2270880','1-09-2020'),(92,'A2270880','10-09-2020'),(91,'A2270880','19-09-2020'),(81,'A2270880','3-09-2020'),(94,'A2270880','9-09-2020'),(85,'A2270880','22-09-2020'),(91,'A2270880','22-09-2020'),(81,'A2270880','18-09-2020'),(91,'A2270880','1-09-2020'),(86,'A2270880','8-09-2020'),(93,'A2270880','7-09-2020'),(86,'A2270880','29-09-2020'),(87,'A2270880','28-09-2020'),(86,'A2270880','22-09-2020'),(80,'A2270880','13-09-2020'),(95,'A2270880','1-09-2020'),(88,'A2270880','1-09-2020'),(93,'A2270880','30-09-2020'),(83,'A2270880','3-09-2020'),(97,'A2270880','3-09-2020'),(80,'A2270880','29-09-2020'),(88,'A2270880','17-09-2020'),(96,'A2270880','13-09-2020'),(97,'A2270880','23-09-2020'),(90,'A2270880','7-09-2020'),(93,'A2270880','17-09-2020'),(81,'A2270880','26-09-2020'),(98,'A2270880','14-09-2020'),(94,'A2270880','8-09-2020'),(97,'A2270880','22-09-2020'),(91,'A2270880','18-09-2020'),(87,'A2270880','15-09-2020'),(90,'A2270880','25-09-2020'),(86,'A2270880','5-09-2020'),(94,'A2270880','22-09-2020'),(83,'A2270880','1-09-2020'),(92,'A2270880','19-09-2020'),(96,'A2270880','12-09-2020'),(92,'A2270880','14-09-2020'),(83,'A2270880','6-09-2020'),(82,'A2270880','6-09-2020'),(93,'A2270880','20-09-2020'),(84,'A2270880','15-09-2020'),(87,'A2270880','12-09-2020'),(90,'A2270880','20-09-2020'),(88,'A2270880','28-09-2020'),(82,'A2270880','20-09-2020'),(90,'A2270880','22-09-2020'),(88,'A2270880','22-09-2020'),(85,'A2270880','23-09-2020'),(96,'A2270880','3-09-2020'),(88,'A2270880','17-09-2020'),(82,'A2270880','20-09-2020'),(86,'A2270880','15-09-2020'),(81,'A2270880','9-09-2020'),(89,'A2270880','9-09-2020'),(90,'A2270880','22-09-2020'),(82,'A2270880','11-09-2020'),(91,'A2270880','24-09-2020'),(91,'A2270880','28-09-2020'),(90,'A2270880','12-09-2020'),(89,'A2270880','17-09-2020'),(88,'A2270880','1-09-2020'),(97,'A2270880','5-09-2020'),(97,'A2270880','24-09-2020'),(99,'A2270880','15-09-2020'),(87,'A2270880','13-09-2020'),(88,'A2270880','17-09-2020'),(93,'A2270880','9-09-2020'),(89,'A2270880','30-09-2020'),(98,'A2270880','20-09-2020'),(90,'A2270880','3-09-2020'),(96,'A2270880','16-09-2020'),(87,'A2270880','23-09-2020'),(89,'A2270880','17-09-2020'),(95,'A2270880','1-09-2020'),(90,'A2270880','10-09-2020'),(90,'A2270880','11-09-2020'),(87,'A2270880','13-09-2020'),(99,'A2270880','26-09-2020'),(96,'A2270880','25-09-2020'),(92,'A2270880','5-09-2020'),(95,'A2270880','25-09-2020'),(93,'A2270880','10-09-2020'),(83,'A2270880','17-09-2020'),(92,'A2270880','29-09-2020'),(84,'A2270880','20-09-2020'),(90,'A2270880','25-09-2020'),(93,'A2270880','4-09-2020'),(90,'A2270880','5-09-2020'),(85,'A2270880','22-09-2020'),(81,'A2270880','16-09-2020'),(83,'A2270880','24-09-2020'),(89,'A2270880','9-09-2020'),(83,'A2270880','15-09-2020'),(98,'A2270880','20-09-2020'),(87,'A2270880','19-09-2020'),(92,'A2270880','1-09-2020'),(84,'A2270880','15-09-2020'),(89,'A2270880','22-09-2020'),(81,'A2270880','21-09-2020'),(98,'A2270880','20-09-2020'),(96,'A2270880','10-09-2020'),(91,'A2270880','11-09-2020'),(82,'A2270880','13-09-2020'),(85,'A2270880','26-09-2020'),(81,'A2270880','20-09-2020'),(91,'A2270880','4-09-2020'),(97,'A2270880','16-09-2020'),(83,'A2270880','11-09-2020'),(88,'A2270880','27-09-2020'),(92,'A2270880','11-09-2020'),(81,'A2270880','27-09-2020'),(94,'A2270880','16-09-2020'),(94,'A2270880','30-09-2020'),(82,'A2270880','30-09-2020'),(80,'A2270880','17-09-2020'),(87,'A2270880','30-09-2020'),(82,'A2270880','1-09-2020'),(87,'A2270880','5-09-2020'),(87,'A2270880','29-09-2020'),(87,'A2270880','27-09-2020'),(97,'A2270880','30-09-2020'),(92,'A2270880','5-09-2020'),(91,'A2270880','19-09-2020'),(95,'A2270880','5-09-2020'),(87,'A2270880','2-09-2020'),(93,'A2270880','23-09-2020'),(81,'A2270880','16-09-2020'),(95,'A2270880','8-09-2020'),(89,'A2270880','4-09-2020'),(93,'A2270880','27-09-2020'),(82,'A2270880','21-09-2020'),(82,'A2270880','18-09-2020'),(82,'A2270880','27-09-2020'),(99,'A2270880','1-09-2020'),(81,'A2270880','26-09-2020'),(95,'A2270880','6-09-2020'),(90,'A2270880','21-09-2020'),(83,'A2270880','14-09-2020'),(83,'A2270880','16-09-2020'),(94,'A2270880','7-09-2020'),(80,'A2270880','22-09-2020'),(99,'A2270880','27-09-2020'),(84,'A2270880','15-09-2020'),(89,'A2270880','26-09-2020'),(91,'A2270880','17-09-2020'),(99,'A2270880','7-09-2020'),(92,'A2270880','15-09-2020'),(85,'A2270880','17-09-2020'),(85,'A2270880','18-09-2020'),(90,'A2270880','6-09-2020'),(98,'A2270880','11-09-2020'),(86,'A2270880','2-09-2020'),(94,'A2270880','29-09-2020'),(85,'A2270880','3-09-2020'),(98,'A2270880','29-09-2020'),(92,'A2270880','20-09-2020'),(95,'A2270880','18-09-2020'),(87,'A2270880','16-09-2020'),(87,'A2270880','25-09-2020'),(91,'A2270880','12-09-2020'),(96,'A2270880','4-09-2020'),(90,'A2270880','6-09-2020'),(82,'A2270880','24-09-2020'),(97,'A2270880','9-09-2020'),(94,'A2270880','12-09-2020'),(86,'A2270880','13-09-2020'),(95,'A2270880','4-09-2020'),(92,'A2270880','9-09-2020'),(97,'A2270880','11-09-2020'),(80,'A2270880','27-09-2020'),(95,'A2270880','18-09-2020'),(95,'A2270880','24-09-2020'),(81,'A2270880','1-09-2020'),(89,'A2270880','7-09-2020'),(87,'A2270880','15-09-2020'),(84,'A2270880','16-09-2020'),(98,'A2270880','17-09-2020'),(99,'A2270880','13-09-2020'),(89,'A2270880','12-09-2020'),(80,'A2270880','6-09-2020'),(88,'A2270880','22-09-2020'),(86,'A2270880','26-09-2020'),(99,'A2270880','30-09-2020'),(92,'A2270880','3-09-2020'),(84,'A2270880','24-09-2020'),(83,'A2270880','21-09-2020'),(90,'A2270880','8-09-2020'),(82,'A2270880','19-09-2020'),(97,'A2270880','18-09-2020'),(91,'A2270880','16-09-2020'),(81,'A2270880','1-09-2020'),(92,'A2270880','7-09-2020'),(95,'A2270880','21-09-2020'),(92,'A2270880','11-09-2020'),(98,'A2270880','24-09-2020'),(88,'A2270880','3-09-2020'),(86,'A2270880','14-09-2020'),(80,'A2270880','20-09-2020'),(88,'A2270880','20-09-2020'),(97,'A2270880','30-09-2020'),(81,'A2270880','2-09-2020'),(94,'A2270880','17-09-2020'),(87,'A2270880','23-09-2020'),(91,'A2270880','16-09-2020'),(93,'A2270880','6-09-2020'),(84,'A2270880','12-09-2020'),(95,'A2270880','29-09-2020'),(94,'A2270880','13-09-2020'),(80,'A2270880','7-09-2020'),(81,'A2270880','6-09-2020'),(95,'A2270880','24-09-2020'),(80,'A2270880','30-09-2020'),(80,'A2270880','30-09-2020'),(90,'A2270880','14-09-2020'),(92,'A2270880','26-09-2020'),(84,'A2270880','27-09-2020'),(99,'A2270880','9-09-2020'),(82,'A2270880','24-09-2020'),(86,'A2270880','12-09-2020'),(95,'A2270880','6-09-2020'),(87,'A2270880','21-09-2020'),(90,'A2270880','13-09-2020'),(88,'A2270880','29-09-2020'),(84,'A2270880','8-09-2020'),(98,'A2270880','27-09-2020'),(82,'A2270880','1-09-2020'),(84,'A2270880','20-09-2020'),(89,'A2270880','18-09-2020'),(98,'A2270880','20-09-2020'),(82,'A2270880','7-09-2020'),(82,'A2270880','7-09-2020'),(86,'A2270880','26-09-2020'),(90,'A2270880','1-09-2020'),(82,'A2270880','23-09-2020'),(92,'A2270880','13-09-2020'),(94,'A2270880','1-09-2020'),(90,'A2270880','10-09-2020'),(80,'A2270880','8-09-2020'),(91,'A2270880','30-09-2020'),(88,'A2270880','21-09-2020'),(84,'A2270880','11-09-2020'),(94,'A2270880','10-09-2020'),(94,'A2270880','27-09-2020'),(82,'A2270880','7-09-2020'),(92,'A2270880','16-09-2020'),(98,'A2270880','29-09-2020'),(90,'A2270880','6-09-2020'),(88,'A2270880','27-09-2020'),(97,'A2270880','4-09-2020'),(91,'A2270880','28-09-2020'),(84,'A2270880','7-09-2020'),(82,'A2270880','8-09-2020'),(93,'A2270880','7-09-2020'),(89,'A2270880','29-09-2020'),(86,'A2270880','13-09-2020'),(96,'A2270880','15-09-2020'),(92,'A2270880','8-09-2020'),(87,'A2270880','10-09-2020'),(93,'A2270880','2-09-2020'),(96,'A2270880','30-09-2020'),(87,'A2270880','8-09-2020'),(91,'A2270880','2-09-2020'),(98,'A2270880','16-09-2020'),(81,'A2270880','3-09-2020'),(88,'A2270880','22-09-2020'),(88,'A2270880','9-09-2020'),(92,'A2270880','17-09-2020'),(93,'A2270880','9-09-2020'),(84,'A2270880','7-09-2020'),(88,'A2270880','24-09-2020'),(96,'A2270880','10-09-2020'),(92,'A2270880','2-09-2020'),(94,'A2270880','3-09-2020'),(98,'A2270880','20-09-2020'),(82,'A2270880','30-09-2020'),(97,'A2270880','16-09-2020'),(85,'A2270880','22-09-2020'),(92,'A2270880','3-09-2020'),(96,'A2270880','21-09-2020'),(96,'A2270880','18-09-2020'),(97,'A2270880','16-09-2020'),(97,'A2270880','7-09-2020'),(83,'A2270880','15-09-2020'),(95,'A2270880','12-09-2020'),(95,'A2270880','10-09-2020'),(89,'A2270880','4-09-2020'),(85,'A2270880','23-09-2020'),(94,'A2270880','29-09-2020'),(94,'A2270880','17-09-2020'),(82,'A2270880','25-09-2020'),(82,'A2270880','16-09-2020'),(86,'A2270880','1-09-2020'),(87,'A2270880','17-09-2020'),(99,'A2270880','13-09-2020'),(97,'A2270880','9-09-2020'),(88,'A2270880','16-09-2020'),(83,'A2270880','27-09-2020'),(86,'A2270880','16-09-2020'),(84,'A2270880','23-09-2020'),(96,'A2270880','6-09-2020'),(84,'A2270880','24-09-2020'),(95,'A2270880','11-09-2020'),(95,'A2270880','27-09-2020'),(87,'A2270880','26-09-2020'),(99,'A2270880','28-09-2020'),(85,'A2270880','15-09-2020'),(84,'A2270880','13-09-2020'),(85,'A2270880','14-09-2020'),(84,'A2270880','18-09-2020'),(98,'A2270880','15-09-2020'),(99,'A2270880','16-09-2020'),(93,'A2270880','11-09-2020'),(80,'A2270880','16-09-2020'),(90,'A2270880','27-09-2020'),(87,'A2270880','14-09-2020'),(88,'A2270880','13-09-2020'),(90,'A2270880','18-09-2020'),(80,'A2270880','4-09-2020'),(83,'A2270880','6-09-2020'),(86,'A2270880','15-09-2020'),(96,'A2270880','20-09-2020'),(80,'A2270880','25-09-2020'),(88,'A2270880','29-09-2020'),(90,'A2270880','5-09-2020'),(96,'A2270880','21-09-2020'),(93,'A2270880','7-09-2020'),(92,'A2270880','8-09-2020'),(99,'A2270880','7-09-2020'),(87,'A2270880','26-09-2020'),(86,'A2270880','18-09-2020'),(93,'A2270880','19-09-2020'),(80,'A2270880','5-09-2020'),(88,'A2270880','5-09-2020'),(89,'A2270880','26-09-2020'),(81,'A2270880','16-09-2020'),(87,'A2270880','14-09-2020'),(81,'A2270880','26-09-2020'),(95,'A2270880','8-09-2020'),(97,'A2270880','15-09-2020'),(93,'A2270880','25-09-2020'),(93,'A2270880','29-09-2020'),(98,'A2270880','29-09-2020'),(91,'A2270880','25-09-2020'),(88,'A2270880','29-09-2020'),(93,'A2270880','19-09-2020'),(82,'A2270880','25-09-2020'),(90,'A2270880','17-09-2020'),(92,'A2270880','24-09-2020'),(99,'A2270880','28-09-2020'),(86,'A2270880','2-09-2020'),(80,'A2270880','22-09-2020'),(92,'A2270880','21-09-2020'),(93,'A2270880','13-09-2020'),(97,'A2270880','27-09-2020'),(88,'A2270880','5-09-2020'),(83,'A2270880','30-09-2020'),(91,'A2270880','13-09-2020'),(97,'A2270880','24-09-2020'),(83,'A2270880','24-09-2020'),(91,'A2270880','7-09-2020'),(91,'A2270880','15-09-2020'),(84,'A2270880','28-09-2020'),(98,'A2270880','12-09-2020'),(93,'A2270880','11-09-2020'),(94,'A2270880','12-09-2020'),(98,'A2270880','15-09-2020'),(90,'A2270880','14-09-2020'),(91,'A2270880','28-09-2020'),(97,'A2270880','30-09-2020'),(94,'A2270880','11-09-2020'),(85,'A2270880','3-09-2020'),(84,'A2270880','6-09-2020'),(91,'A2270880','15-09-2020'),(96,'A2270880','23-09-2020'),(81,'A2270880','30-09-2020'),(91,'A2270880','12-09-2020'),(86,'A2270880','12-09-2020'),(81,'A2270880','27-09-2020'),(89,'A2270880','21-09-2020'),(88,'A2270880','18-09-2020'),(86,'A2270880','27-09-2020'),(88,'A2270880','18-09-2020'),(95,'A2270880','11-09-2020'),(93,'A2270880','12-09-2020'),(82,'A2270880','16-09-2020'),(99,'A2270880','24-09-2020'),(92,'A2270880','18-09-2020'),(89,'A2270880','24-09-2020'),(91,'A2270880','10-09-2020'),(83,'A2270880','11-09-2020'),(86,'A2270880','1-09-2020'),(84,'A2270880','5-09-2020'),(85,'A2270880','21-09-2020'),(86,'A2270880','29-09-2020'),(85,'A2270880','10-09-2020'),(99,'A2270880','16-09-2020'),(98,'A2270880','16-09-2020'),(81,'A2270880','17-09-2020'),(87,'A2270880','16-09-2020'),(93,'A2270880','2-09-2020'),(98,'A2270880','20-09-2020'),(88,'A2270880','17-09-2020'),(92,'A2270880','22-09-2020'),(89,'A2270880','8-09-2020'),(95,'A2270880','25-09-2020'),(82,'A2270880','2-09-2020'),(87,'A2270880','1-09-2020'),(96,'A2270880','21-09-2020'),(93,'A2270880','26-09-2020'),(86,'A2270880','30-09-2020'),(85,'A2270880','1-09-2020'),(89,'A2270880','29-09-2020'),(96,'A2270880','9-09-2020'),(96,'A2270880','6-09-2020'),(97,'A2270880','22-09-2020'),(96,'A2270880','4-09-2020'),(94,'A2270880','10-09-2020'),(98,'A2270880','6-09-2020'),(83,'A2270880','9-09-2020'),(83,'A2270880','6-09-2020'),(81,'A2270880','21-09-2020'),(88,'A2270880','23-09-2020'),(86,'A2270880','23-09-2020'),(80,'A2270880','2-09-2020'),(96,'A2270880','10-09-2020'),(95,'A2270880','7-09-2020'),(94,'A2270880','30-09-2020'),(81,'A2270880','28-09-2020'),(93,'A2270880','12-09-2020'),(93,'A2270880','21-09-2020'),(97,'A2270880','7-09-2020'),(91,'A2270880','1-09-2020'),(89,'A2270880','16-09-2020'),(95,'A2270880','11-09-2020'),(93,'A2270880','8-09-2020'),(89,'A2270880','20-09-2020'),(91,'A2270880','5-09-2020'),(94,'A2270880','20-09-2020'),(93,'A2270880','28-09-2020'),(82,'A2270880','26-09-2020'),(98,'A2270880','28-09-2020'),(85,'A2270880','10-09-2020'),(86,'A2270880','20-09-2020'),(89,'A2270880','20-09-2020'),(99,'A2270880','4-09-2020'),(84,'A2270880','22-09-2020'),(99,'A2270880','8-09-2020'),(89,'A2270880','4-09-2020'),(85,'A2270880','5-09-2020'),(87,'A2270880','19-09-2020'),(86,'A2270880','29-09-2020'),(98,'A2270880','24-09-2020'),(85,'A2270880','16-09-2020'),(82,'A2270880','27-09-2020'),(84,'A2270880','22-09-2020'),(85,'A2270880','24-09-2020'),(93,'A2270880','12-09-2020'),(96,'A2270880','8-09-2020'),(99,'A2270880','18-09-2020'),(95,'A2270880','14-09-2020'),(90,'A2270880','2-09-2020'),(80,'A2270880','2-09-2020'),(95,'A2270880','12-09-2020'),(90,'A2270880','29-09-2020'),(95,'A2270880','28-09-2020'),(97,'A2270880','2-09-2020'),(80,'A2270880','1-09-2020'),(85,'A2270880','30-09-2020'),(85,'A2270880','4-09-2020'),(99,'A2270880','17-09-2020'),(82,'A2270880','7-09-2020'),(86,'A2270880','15-09-2020'),(97,'A2270880','15-09-2020'),(94,'A2270880','27-09-2020'),(87,'A2270880','6-09-2020'),(96,'A2270880','2-09-2020'),(97,'A2270880','4-09-2020'),(91,'A2270880','29-09-2020'),(90,'A2270880','13-09-2020'),(91,'A2270880','13-09-2020'),(95,'A2270880','19-09-2020'),(84,'A2270880','26-09-2020'),(81,'A2270880','5-09-2020'),(89,'A2270880','16-09-2020'),(96,'A2270880','7-09-2020'),(83,'A2270880','20-09-2020'),(80,'A2270880','27-09-2020'),(99,'A2270880','24-09-2020'),(89,'A2270880','29-09-2020'),(97,'A2270880','2-09-2020'),(84,'A2270880','13-09-2020'),(81,'A2270880','8-09-2020'),(91,'A2270880','11-09-2020'),(95,'A2270880','29-09-2020'),(80,'A2270880','4-09-2020'),(83,'A2270880','24-09-2020'),(91,'A2270880','6-09-2020'),(87,'A2270880','12-09-2020'),(91,'A2270880','26-09-2020'),(96,'A2270880','25-09-2020'),(92,'A2270880','2-09-2020'),(84,'A2270880','18-09-2020'),(97,'A2270880','21-09-2020'),(95,'A2270880','1-09-2020'),(91,'A2270880','17-09-2020'),(81,'A2270880','30-09-2020'),(92,'A2270880','18-09-2020'),(82,'A2270880','6-09-2020'),(97,'A2270880','30-09-2020'),(99,'A2270880','30-09-2020'),(93,'A2270880','15-09-2020'),(94,'A2270880','18-09-2020'),(94,'A2270880','9-09-2020'),(98,'A2270880','1-09-2020'),(97,'A2270880','13-09-2020'),(88,'A2270880','30-09-2020'),(97,'A2270880','27-09-2020'),(80,'A2270880','20-09-2020'),(86,'A2270880','7-09-2020'),(97,'A2270880','5-09-2020'),(98,'A2270880','13-09-2020'),(92,'A2270880','23-09-2020'),(90,'A2270880','26-09-2020'),(95,'A2270880','7-09-2020'),(90,'A2270880','6-09-2020'),(94,'A2270880','2-09-2020'),(99,'A2270880','28-09-2020'),(82,'A2270880','18-09-2020'),(98,'A2270880','13-09-2020'),(83,'A2270880','3-09-2020'),(92,'A2270880','16-09-2020'),(83,'A2270880','14-09-2020'),(93,'A2270880','10-09-2020'),(91,'A2270880','19-09-2020'),(81,'A2270880','11-09-2020'),(85,'A2270880','18-09-2020'),(99,'A2270880','9-09-2020'),(98,'A2270880','1-09-2020'),(94,'A2270880','18-09-2020'),(94,'A2270880','12-09-2020'),(97,'A2270880','8-09-2020'),(90,'A2270880','15-09-2020'),(95,'A2270880','15-09-2020'),(84,'A2270880','23-09-2020'),(96,'A2270880','30-09-2020'),(96,'A2270880','26-09-2020'),(85,'A2270880','22-09-2020'),(85,'A2270880','19-09-2020'),(85,'A2270880','11-09-2020'),(81,'A2270880','19-09-2020'),(90,'A2270880','2-09-2020'),(80,'A2270880','19-09-2020'),(85,'A2270880','1-09-2020'),(98,'A2270880','6-09-2020'),(99,'A2270880','9-09-2020'),(87,'A2270880','10-09-2020'),(88,'A2270880','16-09-2020'),(89,'A2270880','30-09-2020'),(85,'A2270880','14-09-2020'),(96,'A2270880','14-09-2020'),(98,'A2270880','24-09-2020'),(87,'A2270880','22-09-2020'),(93,'A2270880','13-09-2020'),(87,'A2270880','8-09-2020'),(86,'A2270880','22-09-2020'),(81,'A2270880','9-09-2020'),(95,'A2270880','3-09-2020'),(80,'A2270880','6-09-2020'),(81,'A2270880','22-09-2020'),(94,'A2270880','27-09-2020'),(88,'A2270880','22-09-2020'),(83,'A2270880','17-09-2020'),(93,'A2270880','2-09-2020'),(82,'A2270880','9-09-2020'),(98,'A2270880','4-09-2020'),(96,'A2270880','6-09-2020'),(97,'A2270880','27-09-2020'),(93,'A2270880','6-09-2020'),(86,'A2270880','29-09-2020'),(96,'A2270880','9-09-2020'),(96,'A2270880','15-09-2020'),(84,'A2270880','17-09-2020'),(96,'A2270880','17-09-2020'),(81,'A2270880','3-09-2020'),(91,'A2270880','26-09-2020'),(90,'A2270880','6-09-2020'),(93,'A2270880','4-09-2020'),(99,'A2270880','16-09-2020'),(93,'A2270880','12-09-2020'),(90,'A2270880','11-09-2020'),(99,'A2270880','16-09-2020'),(95,'A2270880','15-09-2020'),(84,'A2270880','4-09-2020'),(82,'A2270880','7-09-2020'),(93,'A2270880','14-09-2020'),(96,'A2270880','24-09-2020'),(94,'A2270880','2-09-2020'),(85,'A2270880','21-09-2020'),(98,'A2270880','4-09-2020'),(97,'A2270880','24-09-2020'),(92,'A2270880','1-09-2020'),(90,'A2270880','24-09-2020'),(88,'A2270880','11-09-2020'),(90,'A2270880','28-09-2020'),(85,'A2270880','26-09-2020'),(97,'A2270880','14-09-2020'),(95,'A2270880','17-09-2020'),(87,'A2270880','2-09-2020'),(97,'A2270880','17-09-2020'),(87,'A2270880','13-09-2020'),(87,'A2270880','7-09-2020'),(95,'A2270880','11-09-2020'),(83,'A2270880','22-09-2020'),(93,'A2270880','8-09-2020'),(86,'A2270880','21-09-2020'),(94,'A2270880','12-09-2020'),(98,'A2270880','18-09-2020'),(95,'A2270880','3-09-2020'),(88,'A2270880','20-09-2020'),(90,'A2270880','16-09-2020'),(81,'A2270880','22-09-2020'),(83,'A2270880','3-09-2020'),(99,'A2270880','2-09-2020'),(87,'A2270880','8-09-2020'),(91,'A2270880','5-09-2020'),(89,'A2270880','18-09-2020'),(83,'A2270880','1-09-2020'),(87,'A2270880','13-09-2020'),(96,'A2270880','1-09-2020'),(81,'A2270880','20-09-2020'),(80,'A2270880','1-09-2020'),(91,'A2270880','20-09-2020'),(94,'A2270880','24-09-2020'),(96,'A2270880','3-09-2020'),(87,'A2270880','22-09-2020'),(83,'A2270880','22-09-2020'),(91,'A2270880','10-09-2020'),(94,'A2270880','26-09-2020'),(82,'A2270880','1-09-2020'),(96,'A2270880','24-09-2020'),(95,'A2270880','19-09-2020'),(93,'A2270880','14-09-2020'),(89,'A2270880','7-09-2020'),(95,'A2270880','17-09-2020'),(98,'A2270880','23-09-2020'),(82,'A2270880','21-09-2020'),(86,'A2270880','15-09-2020'),(87,'A2270880','21-09-2020'),(84,'A2270880','9-09-2020'),(98,'A2270880','3-09-2020'),(93,'A2270880','28-09-2020'),(93,'A2270880','20-09-2020'),(97,'A2270880','2-09-2020'),(90,'A2270880','25-09-2020'),(86,'A2270880','1-09-2020'),(92,'A2270880','5-09-2020'),(94,'A2270880','28-09-2020'),(95,'A2270880','30-09-2020'),(93,'A2270880','16-09-2020'),(91,'A2270880','3-09-2020'),(86,'A2270880','30-09-2020'),(91,'A2270880','15-09-2020'),(82,'A2270880','9-09-2020'),(82,'A2270880','14-09-2020'),(86,'A2270880','12-09-2020'),(89,'A2270880','10-09-2020'),(87,'A2270880','22-09-2020'),(96,'A2270880','5-09-2020'),(82,'A2270880','21-09-2020'),(81,'A2270880','3-09-2020'),(88,'A2270880','11-09-2020'),(94,'A2270880','13-09-2020'),(89,'A2270880','26-09-2020'),(80,'A2270880','6-09-2020'),(83,'A2270880','11-09-2020'),(82,'A2270880','23-09-2020'),(89,'A2270880','5-09-2020'),(93,'A2270880','12-09-2020'),(89,'A2270880','15-09-2020'),(86,'A2270880','8-09-2020'),(94,'A2270880','23-09-2020'),(95,'A2270880','7-09-2020'),(98,'A2270880','16-09-2020'),(86,'A2270880','25-09-2020'),(84,'A2270880','13-09-2020'),(97,'A2270880','17-09-2020'),(91,'A2270880','2-09-2020'),(90,'A2270880','14-09-2020'),(83,'A2270880','4-09-2020'),(85,'A2270880','4-09-2020'),(84,'A2270880','18-09-2020'),(99,'A2270880','28-09-2020'),(82,'A2270880','17-09-2020'),(84,'A2270880','30-09-2020'),(85,'A2270880','26-09-2020'),(90,'A2270880','9-09-2020'),(90,'A2270880','9-09-2020'),(96,'A2270880','20-09-2020'),(99,'A2270880','2-09-2020'),(97,'A2270880','8-09-2020'),(84,'A2270880','11-09-2020'),(88,'A2270880','23-09-2020'),(82,'A2270880','25-09-2020'),(89,'A2270880','10-09-2020'),(80,'A2270880','9-09-2020'),(92,'A2270880','9-09-2020'),(83,'A2270880','30-09-2020'),(89,'A2270880','30-09-2020'),(99,'A2270880','20-09-2020'),(91,'A2270880','21-09-2020'),(85,'A2270880','5-09-2020'),(82,'A2270880','25-09-2020'),(95,'A2270880','7-09-2020'),(83,'A2270880','27-09-2020'),(96,'A2270880','10-09-2020'),(87,'A2270880','27-09-2020'),(85,'A2270880','6-09-2020'),(98,'A2270880','19-09-2020'),(89,'A2270880','12-09-2020'),(99,'A2270880','1-09-2020'),(82,'A2270880','17-09-2020'),(87,'A2270880','27-09-2020'),(92,'A2270880','24-09-2020'),(90,'A2270880','16-09-2020'),(95,'A2270880','19-09-2020'),(86,'A2270880','29-09-2020'),(97,'A2270880','19-09-2020'),(88,'A2270880','24-09-2020'),(95,'A2270880','21-09-2020'),(93,'A2270880','25-09-2020'),(82,'A2270880','16-09-2020'),(90,'A2270880','16-09-2020'),(93,'A2270880','8-09-2020'),(99,'A2270880','8-09-2020'),(96,'A2270880','11-09-2020'),(88,'A2270880','26-09-2020'),(82,'A2270880','18-09-2020'),(97,'A2270880','24-09-2020'),(93,'A2270880','21-09-2020'),(85,'A2270880','20-09-2020'),(81,'A2270880','22-09-2020'),(93,'A2270880','20-09-2020'),(80,'A2270880','3-09-2020'),(83,'A2270880','17-09-2020'),(86,'A2270880','17-09-2020'),(96,'A2270880','7-09-2020'),(99,'A2270880','4-09-2020'),(99,'A2270880','27-09-2020'),(99,'A2270880','26-09-2020'),(80,'A2270880','26-09-2020'),(81,'A2270880','13-09-2020'),(97,'A2270880','21-09-2020'),(82,'A2270880','23-09-2020'),(86,'A2270880','9-09-2020'),(90,'A2270880','19-09-2020'),(94,'A2270880','15-09-2020'),(85,'A2270880','29-09-2020'),(92,'A2270880','29-09-2020'),(90,'A2270880','21-09-2020'),(85,'A2270880','13-09-2020'),(92,'A2270880','29-09-2020'),(95,'A2270880','25-09-2020'),(82,'A2270880','26-09-2020'),(83,'A2270880','2-09-2020'),(84,'A2270880','25-09-2020'),(86,'A2270880','9-09-2020'),(99,'A2270880','25-09-2020'),(98,'A2270880','15-09-2020'),(94,'A2270880','2-09-2020'),(88,'A2270880','8-09-2020'),(91,'A2270880','20-09-2020'),(85,'A2270880','6-09-2020'),(95,'A2270880','12-09-2020'),(81,'A2270880','3-09-2020'),(96,'A2270880','7-09-2020'),(96,'A2270880','20-09-2020'),(81,'A2270880','12-09-2020'),(88,'A2270880','27-09-2020'),(81,'A2270880','5-09-2020'),(85,'A2270880','26-09-2020'),(97,'A2270880','28-09-2020'),(93,'A2270880','13-09-2020'),(98,'A2270880','1-09-2020'),(81,'A2270880','2-09-2020'),(82,'A2270880','3-09-2020'),(88,'A2270880','30-09-2020'),(89,'A2270880','6-09-2020'),(94,'A2270880','13-09-2020'),(84,'A2270880','4-09-2020'),(80,'A2270880','21-09-2020'),(87,'A2270880','25-09-2020'),(95,'A2270880','21-09-2020'),(99,'A2270880','2-09-2020'),(99,'A2270880','6-09-2020'),(97,'A2270880','2-09-2020'),(92,'A2270880','28-09-2020'),(81,'A2270880','29-09-2020'),(86,'A2270880','26-09-2020'),(94,'A2270880','10-09-2020'),(89,'A2270880','23-09-2020'),(85,'A2270880','7-09-2020'),(83,'A2270880','18-09-2020'),(98,'A2270880','20-09-2020'),(84,'A2270880','18-09-2020'),(89,'A2270880','6-09-2020'),(86,'A2270880','15-09-2020'),(97,'A2270880','8-09-2020'),(84,'A2270880','26-09-2020'),(88,'A2270880','12-09-2020'),(87,'A2270880','21-09-2020'),(89,'A2270880','16-09-2020'),(87,'A2270880','4-09-2020'),(83,'A2270880','25-09-2020'),(81,'A2270880','12-09-2020'),(93,'A2270880','6-09-2020'),(89,'A2270880','7-09-2020'),(80,'A2270880','3-09-2020'),(92,'A2270880','14-09-2020'),(82,'A2270880','21-09-2020'),(94,'A2270880','10-09-2020'),(83,'A2270880','27-09-2020'),(96,'A2270880','16-09-2020'),(90,'A2270880','10-09-2020'),(83,'A2270880','17-09-2020'),(91,'A2270880','2-09-2020'),(89,'A2270880','19-09-2020'),(85,'A2270880','24-09-2020'),(91,'A2270880','5-09-2020'),(99,'A2270880','14-09-2020'),(89,'A2270880','3-09-2020'),(81,'A2270880','2-09-2020'),(87,'A2270880','22-09-2020'),(95,'A2270880','5-09-2020'),(95,'A2270880','4-09-2020'),(88,'A2270880','23-09-2020'),(81,'A2270880','25-09-2020'),(88,'A2270880','30-09-2020'),(87,'A2270880','26-09-2020'),(88,'A2270880','18-09-2020'),(82,'A2270880','12-09-2020'),(81,'A2270880','1-09-2020'),(98,'A2270880','13-09-2020'),(88,'A2270880','5-09-2020');
/*!40000 ALTER TABLE `Historial_oxigeno` ENABLE KEYS */;
UNLOCK TABLES;
/*!40103 SET TIME_ZONE=@OLD_TIME_ZONE */;

/*!40101 SET SQL_MODE=@OLD_SQL_MODE */;
/*!40014 SET FOREIGN_KEY_CHECKS=@OLD_FOREIGN_KEY_CHECKS */;
/*!40014 SET UNIQUE_CHECKS=@OLD_UNIQUE_CHECKS */;
/*!40101 SET CHARACTER_SET_CLIENT=@OLD_CHARACTER_SET_CLIENT */;
/*!40101 SET CHARACTER_SET_RESULTS=@OLD_CHARACTER_SET_RESULTS */;
/*!40101 SET COLLATION_CONNECTION=@OLD_COLLATION_CONNECTION */;
/*!40111 SET SQL_NOTES=@OLD_SQL_NOTES */;

-- Dump completed on 2020-11-11 17:23:55
